[
  {
    "state": "Andhra Pradesh",
    "cities": [
      "Visakhapatnam",
    "Vijayawada",
    "Guntur",
    "Nellore",
    "Rajahmundry",
    "Kurnool",
    "Kakinada",
    "Kadapa",
    "Tirupati",
    "Anantapur",
    "Ongole",
    "Vizianagaram",
    "Eluru",
    "Proddatur",
    "Nandyal",
    "Adoni",
    "Madanapalle",
    "Machilipatnam",
    "Tenali",
    "Chittoor",
    "Hindupur",
    "Srikakulam",
    "Bhimavaram",
    "Tadepalligudem",
    "Guntakal",
    "Dharmavaram",
    "Gudivada",
    "Narasaraopet",
    "Kadiri",
    "Tadipatri",
    "Chilakaluripet"
    ]
  },
  {
    "state": "Arunachal Pradesh",
    "cities": [
       "Itanagar",
    "Naharlagun",
    "Pasighat",
    "Tezu",
    "Tawang",
    "Ziro",
    "Bomdila"
    ]
  },
  {
    "state": "Assam",
    "cities": [
       "Guwahati",
    "Silchar",
    "Dibrugarh",
    "Jorhat",
    "Tezpur",
    "Nagaon",
    "Tinsukia",
    "Sivasagar",
    "Bongaigaon",
    "Goalpara",
    "Dhubri",
    "Karimganj",
    "Diphu",
    "North Lakhimpur",
    "Golaghat",
    "Haflong",
    "Kokrajhar",
    "Barpeta",
    "Nalbari",
    "Morigaon",
    "Mangaldoi",
    "Hailakandi",
    "Dhemaji",
    "Udalguri",
    "Rangia"
    ]
  },
  {
    "state": "Bihar",
    "cities": [
      "Patna",
    "Gaya",
    "Bhagalpur",
    "Muzaffarpur",
    "Darbhanga",
    "Purnea",
    "Arrah",
    "Bihar Sharif",
    "Katihar",
    "Munger",
    "Chhapra",
    "Begusarai",
    "Hajipur",
    "Sitamarhi",
    "Motihari",
    "Bettiah",
    "Siwan",
    "Samastipur",
    "Buxar",
    "Kishanganj",
    "Jamalpur",
    "Jehanabad",
    "Lakhisarai",
    "Nawada",
    "Sasaram",
    "Dehri",
    "Arwal",
    "Sheikhpura",
    "Aurangabad",
    "Madhubani"
    ]
  },
  {
    "state": "Chhattisgarh",
    "cities": [
       "Raipur",
    "Bhilai",
    "Durg",
    "Bilaspur",
    "Korba",
    "Raigarh",
    "Rajnandgaon",
    "Jagdalpur",
    "Ambikapur",
    "Dhamtari",
    "Kawardha",
    "Mahasamund",
    "Kondagaon",
    "Dongargarh",
    "Kanker",
    "Chirmiri",
    "Bhatapara",
    "Manendragarh",
    "Pendra"
    ]
  },
  {
    "state": "Goa",
    "cities": [
       "Panaji",
    "Vasco da Gama",
    "Margao",
    "Mapusa",
    "Ponda",
    "Bicholim",
    "Curchorem",
    "Cuncolim",
    "Quepem",
    "Sanguem",
    "Canacona",
    "Sanquelim",
    "Valpoi"
    ]
  },
  {
    "state": "Gujarat",
    "cities": [
      "Ahmedabad",
    "Surat",
    "Vadodara",
    "Rajkot",
    "Bhavnagar",
    "Jamnagar",
    "Junagadh",
    "Gandhinagar",
    "Anand",
    "Navsari",
    "Morbi",
    "Surendranagar",
    "Bharuch",
    "Mehsana",
    "Nadiad",
    "Porbandar",
    "Palanpur",
    "Valsad",
    "Veraval",
    "Godhra",
    "Patan",
    "Amreli",
    "Dahod",
    "Botad",
    "Vyara",
    "Modasa",
    "Idar",
    "Wadhwan"
    ]
  },
  {
    "state": "Haryana",
    "cities": [
      "Gurugram",
    "Faridabad",
    "Panipat",
    "Ambala",
    "Rohtak",
    "Hisar",
    "Karnal",
    "Sonipat",
    "Yamunanagar",
    "Kurukshetra",
    "Panchkula",
    "Rewari",
    "Bahadurgarh",
    "Jind",
    "Bhiwani",
    "Sirsa",
    "Kaithal",
    "Palwal",
    "Mahendragarh",
    "Fatehabad",
    "Narnaul",
    "Tohana",
    "Narwana"
    ]
  },
  {
    "state": "Himachal Pradesh",
    "cities": [
      "Shimla",
    "Solan",
    "Dharamshala",
    "Mandi",
    "Manali",
    "Kullu",
    "Hamirpur",
    "Bilaspur",
    "Una",
    "Nahan",
    "Palampur",
    "Chamba",
    "Kangra",
    "Parwanoo",
    "Nalagarh",
    "Baddi",
    "Paonta Sahib",
    "Jogindernagar",
    "Keylong",
    "Reckong Peo"
    ]
  },
  {
    "state": "Jharkhand",
    "cities": [
      "Ranchi",
      "Jamshedpur",
      "Dhanbad",
      "Bokaro",
      "Hazaribagh"
    ]
  },
  {
    "state": "Karnataka",
    "cities": [
      "Bengaluru",
      "Mysuru",
      "Mangaluru",
      "Hubballi",
      "Belagavi"
    ]
  },
  {
    "state": "Kerala",
    "cities": [
      "Thiruvananthapuram",
      "Kochi",
      "Kozhikode",
      "Thrissur",
      "Alappuzha"
    ]
  },
  {
    "state": "Madhya Pradesh",
    "cities": [
      "Bhopal",
      "Indore",
      "Jabalpur",
      "Gwalior",
      "Ujjain"
    ]
  },
  {
    "state": "Maharashtra",
    "cities": [
      "Mumbai",
      "Pune",
      "Nagpur",
      "Nashik",
      "Thane"
    ]
  },
  {
    "state": "Manipur",
    "cities": [
      "Imphal",
      "Thoubal",
      "Churachandpur",
      "Bishnupur",
      "Ukhrul"
    ]
  },
  {
    "state": "Meghalaya",
    "cities": [
      "Shillong",
      "Tura",
      "Nongpoh",
      "Jowai",
      "Baghmara"
    ]
  },
  {
    "state": "Mizoram",
    "cities": [
      "Aizawl",
      "Lunglei",
      "Champhai",
      "Serchhip",
      "Kolasib"
    ]
  },
  {
    "state": "Nagaland",
    "cities": [
      "Kohima",
      "Dimapur",
      "Mokokchung",
      "Tuensang",
      "Wokha"
    ]
  },
  {
    "state": "Odisha",
    "cities": [
      "Bhubaneswar",
      "Cuttack",
      "Rourkela",
      "Sambalpur",
      "Puri"
    ]
  },
  {
    "state": "Punjab",
    "cities": [
      "Ludhiana",
      "Amritsar",
      "Jalandhar",
      "Patiala",
      "Bathinda"
    ]
  },
  {
    "state": "Rajasthan",
    "cities": [
      "Jaipur",
      "Jodhpur",
      "Udaipur",
      "Kota",
      "Bikaner"
    ]
  },
  {
    "state": "Sikkim",
    "cities": [
      "Gangtok",
      "Namchi",
      "Geyzing",
      "Mangan",
      "Rangpo"
    ]
  },
  {
    "state": "Tamil Nadu",
    "cities": [
      "Chennai",
      "Coimbatore",
      "Madurai",
      "Tiruchirappalli",
      "Salem"
    ]
  },
  {
    "state": "Telangana",
    "cities": [
      "Hyderabad",
      "Warangal",
      "Nizamabad",
      "Karimnagar",
      "Khammam"
    ]
  },
  {
    "state": "Tripura",
    "cities": [
      "Agartala",
      "Dharmanagar",
      "Udaipur",
      "Kailashahar",
      "Belonia"
    ]
  },
  {
    "state": "Uttar Pradesh",
    "cities": [
      "Lucknow",
      "Kanpur",
      "Agra",
      "Varanasi",
      "Noida"
    ]
  },
  {
    "state": "Uttarakhand",
    "cities": [
      "Dehradun",
      "Haridwar",
      "Nainital",
      "Rishikesh",
      "Haldwani"
    ]
  },
  {
    "state": "West Bengal",
    "cities": [
      "Kolkata",
      "Asansol",
      "Siliguri",
      "Durgapur",
      "Howrah"
    ]
  },
  {
    "state": "Andaman and Nicobar Islands",
    "cities": [
      "Port Blair",
      "Havelock Island",
      "Diglipur",
      "Mayabunder",
      "Rangat"
    ]
  },
  {
    "state": "Chandigarh",
    "cities": [
      "Chandigarh"
    ]
  },
  {
    "state": "Dadra and Nagar Haveli and Daman and Diu",
    "cities": [
      "Daman",
      "Diu",
      "Silvassa"
    ]
  },
  {
    "state": "Delhi",
    "cities": [
      "New Delhi",
      "North Delhi",
      "South Delhi",
      "Dwarka",
      "Rohini"
    ]
  },
  {
    "state": "Jammu and Kashmir",
    "cities": [
      "Srinagar",
      "Jammu",
      "Anantnag",
      "Baramulla",
      "Udhampur"
    ]
  },
  {
    "state": "Ladakh",
    "cities": [
      "Leh",
      "Kargil"
    ]
  },
  {
    "state": "Lakshadweep",
    "cities": [
      "Kavaratti",
      "Agatti",
      "Amini",
      "Minicoy",
      "Kadmat"
    ]
  },
  {
    "state": "Puducherry",
    "cities": [
      "Puducherry",
      "Karaikal",
      "Mahe",
      "Yanam"
    ]
  }
]